target,variable,kind,pattern,value,ignorecase,dotall,note
party,"party1, party2",split,\Wversus\W|\Wv\.\W|\Wvs\.\W|\Wv ?\-\W|\W\-?[Aa]gainst ?\-?\W|\W\-?GAINST ?\-?\W|\W\-?VERSUS\-?\W|\W\-?VS\.\-?\W,,FALSE,TRUE,"Divides the parties at ""v."" (or ""versus"" or ""against"")"
court,court_num,label,BANKRUPTCY APPELLATE,999,TRUE,TRUE,
court,court_num,label,FIRST CIRCUIT,1,TRUE,TRUE,
court,court_num,label,SECOND CIRCUIT,2,TRUE,TRUE,
court,court_num,label,THIRD CIRCUIT,3,TRUE,TRUE,
court,court_num,label,FOURTH CIRCUIT,4,TRUE,TRUE,
court,court_num,label,FIFTH CIRCUIT,5,TRUE,TRUE,
court,court_num,label,SIXTH CIRCUIT,6,TRUE,TRUE,
court,court_num,label,SEVENTH CIRCUIT,7,TRUE,TRUE,
court,court_num,label,EIGHTH CIRCUIT,8,TRUE,TRUE,
court,court_num,label,NINTH CIRCUIT,9,TRUE,TRUE,
court,court_num,label,TENTH CIRCUIT,10,TRUE,TRUE,
court,court_num,label,ELEVENTH CIRCUIT,11,TRUE,TRUE,
court,court_num,label,DISTRICT OF COLUMBIA,12,TRUE,TRUE,
court,court_num,label,D\.C\.,12,TRUE,TRUE,
court,court_num,label,FEDERAL CIRCUIT,13,TRUE,TRUE,
court,court_num,label,TEMPORARY EMERGENCY,998,TRUE,TRUE,
court,court_num,label,SUPREME COURT OF THE UNITED STATES,99,TRUE,TRUE,"Added: the Supreme Court is 99, as in the old courts table"
citation,cite_federal_reporter,flag,\d+ F\. ?(?:2d|3d|4th) \d+,,TRUE,TRUE,"Federal Reporter (F.2d, F.3d, or F.4th)"
citation,cite_fed_appx,flag,\d+ (?:Fed\. ?Appx\.|F\. ?App'x) \d+,,TRUE,TRUE,Federal Appendix
citation,cite_lexis,flag,\d+ U\.S\. APP\. LEXIS \d+,,TRUE,TRUE,Lexis citation
citation,cite_westlaw,flag,\d{4} WL \d+,,TRUE,TRUE,Westlaw citation
counsel,counsel_us_attorney,flag,U(\.|NITED) ?S(\.|TATES) Attorney,,TRUE,TRUE,
counsel,counsel_public_defender,flag,Federal Public Defender,,TRUE,TRUE,
disposition,disposition_affirm,flag,AFFIRM,,TRUE,TRUE,
disposition,disposition_reverse,flag,REVERSE,,TRUE,TRUE,
disposition,disposition_vacate,flag,VACATE,,TRUE,TRUE,
disposition,disposition_remand,flag,REMAND,,TRUE,TRUE,
disposition,disposition_dismiss,flag,DISMISS,,TRUE,TRUE,
disposition,disposition_deny,flag,DENIED,,TRUE,TRUE,
disposition,disposition_enforce,flag,Order of the National Labor Relations Board enforced,,TRUE,TRUE,
docket_number,docket_numbers,matches,\d+-\d+,,TRUE,TRUE,Each docket number
"docket_number, history",docket_criminal,flag,(\W|\d)cr,,TRUE,TRUE,A criminal (cr) or civil (cv) docket number
"docket_number, history",docket_civil,flag,(\W|\d)ci?v,,TRUE,TRUE,A criminal (cr) or civil (cv) docket number
future,future_cert_petition,flag,(certior|Supreme Court),,TRUE,TRUE,
future,future_en_banc,flag,en banc,,TRUE,TRUE,
future,future_grant,flag,(grant|approve|issued),,TRUE,TRUE,
future,future_deny,flag,(denied|denial),,TRUE,TRUE,
future,future_remand,flag,remand,,TRUE,TRUE,
"history, party1, party2",agency,label,FEDERAL MINE SAFETY AND HEALTH REVIEW COMMISSION,FEDERAL MINE SAFETY AND HEALTH REVIEW COMMISSION,TRUE,TRUE,The first agency (from the longest name down) that appears is used
"history, party1, party2",agency,label,OCCUPATIONAL SAFETY AND HEALTH REVIEW COMMISSION,OCCUPATIONAL SAFETY AND HEALTH REVIEW COMMISSION,TRUE,TRUE,
"history, party1, party2",agency,label,NAVY\-MARINE CORPS COURT OF CRIMINAL APPEALS,NAVY-MARINE CORPS COURT OF CRIMINAL APPEALS,TRUE,TRUE,
"history, party1, party2",agency,label,OFFICE OF DISPUTE RESOLUTION FOR ACQUISITION,OFFICE OF DISPUTE RESOLUTION FOR ACQUISITION,TRUE,TRUE,
"history, party1, party2",agency,label,OFFICE OF FINANCIAL INSTITUTION ADJUDICATION,OFFICE OF FINANCIAL INSTITUTION ADJUDICATION,TRUE,TRUE,
"history, party1, party2",agency,label,ARMED SERVICES BOARD OF CONTRACT APPEALS,ARMED SERVICES BOARD OF CONTRACT APPEALS,TRUE,TRUE,
"history, party1, party2",agency,label,POSTAL SERVICE BOARD OF CONTRACT APPEALS,POSTAL SERVICE BOARD OF CONTRACT APPEALS,TRUE,TRUE,
"history, party1, party2",agency,label,"BUREAU OF ALCOHOL, TOBACCO, AND FIREARMS","BUREAU OF ALCOHOL, TOBACCO AND FIREARMS",TRUE,TRUE,
"history, party1, party2",agency,label,EQUAL EMPLOYMENT OPPORTUNITY COMMISSION,EQUAL EMPLOYMENT OPPORTUNITY COMMISSION,TRUE,TRUE,
"history, party1, party2",agency,label,"BUREAU OF ALCOHOL, TOBACCO AND FIREARMS","BUREAU OF ALCOHOL, TOBACCO AND FIREARMS",TRUE,TRUE,
"history, party1, party2",agency,label,COURT OF APPEALS FOR THE ARMED FORCES,UNITED STATES COURT OF APPEALS FOR THE ARMED FORCES,TRUE,TRUE,
"history, party1, party2",agency,label,COMMODITY FUTURES TRADING COMMISSION,COMMODITY FUTURES TRADING COMMISSION,TRUE,TRUE,
"history, party1, party2",agency,label,FEDERAL ENERGY REGULATORY COMMISSION,FEDERAL ENERGY REGULATORY COMMISSION,TRUE,TRUE,
"history, party1, party2",agency,label,NATIONAL TRANSPORTATION SAFETY BOARD,NATIONAL TRANSPORTATION SAFETY BOARD,TRUE,TRUE,
"history, party1, party2",agency,label,COURT OF APPEALS FOR VETERANS CLAIMS,UNITED STATES COURT OF APPEALS FOR VETERANS CLAIMS,TRUE,TRUE,
"history, party1, party2",agency,label,AIR FORCE COURT OF CRIMINAL APPEALS,AIR FORCE COURT OF CRIMINAL APPEALS,TRUE,TRUE,
"history, party1, party2",agency,label,COURT OF MILITARY COMMISSION REVIEW,UNITED STATES COURT OF MILITARY COMMISSION REVIEW,TRUE,TRUE,
"history, party1, party2",agency,label,CIVILIAN BOARD OF CONTRACT APPEALS,CIVILIAN BOARD OF CONTRACT APPEALS,TRUE,TRUE,
"history, party1, party2",agency,label,SECURITIES AND EXCHANGE COMMISSION,SECURITIES AND EXCHANGE COMMISSION,TRUE,TRUE,
"history, party1, party2",agency,label,FEDERAL COMMUNICATIONS COMMISSION,FEDERAL COMMUNICATIONS COMMISSION,TRUE,TRUE,
"history, party1, party2",agency,label,FEDERAL LABOR RELATIONS AUTHORITY,FEDERAL LABOR RELATIONS AUTHORITY,TRUE,TRUE,
"history, party1, party2",agency,label,TRADEMARK TRIAL AND APPEAL BOARD,TRADEMARK TRIAL AND APPEAL BOARD,TRUE,TRUE,
"history, party1, party2",agency,label,DRUG ENFORCEMENT ADMINISTRATION,DRUG ENFORCEMENT ADMINISTRATION,TRUE,TRUE,
"history, party1, party2",agency,label,ENVIRONMENTAL PROTECTION AGENCY,ENVIRONMENTAL PROTECTION AGENCY,TRUE,TRUE,
"history, party1, party2",agency,label,FEDERAL AVIATION ADMINISTRATION,FEDERAL AVIATION ADMINISTRATION,TRUE,TRUE,
"history, party1, party2",agency,label,GENERAL SERVICES ADMINISTRATION,GENERAL SERVICES ADMINISTRATION,TRUE,TRUE,
"history, party1, party2",agency,label,FEDERAL BUREAU OF INVESTIGATION,FEDERAL BUREAU OF INVESTIGATION,TRUE,TRUE,
"history, party1, party2",agency,label,ARMY COURT OF CRIMINAL APPEALS,ARMY COURT OF CRIMINAL APPEALS,TRUE,TRUE,
"history, party1, party2",agency,label,GUANTANAMO MILITARY COMMISSION,GUANTANAMO MILITARY COMMISSION,TRUE,TRUE,
"history, party1, party2",agency,label,INTERNATIONAL TRADE COMMISSION,INTERNATIONAL TRADE COMMISSION,TRUE,TRUE,
"history, party1, party2",agency,label,MERIT SYSTEMS PROTECTION BOARD,MERIT SYSTEMS PROTECTION BOARD,TRUE,TRUE,
"history, party1, party2",agency,label,NATIONAL LABOR RELATIONS BOARD,NATIONAL LABOR RELATIONS BOARD,TRUE,TRUE,
"history, party1, party2",agency,label,SOCIAL SECURITY ADMINISTRATION,SOCIAL SECURITY ADMINISTRATION,TRUE,TRUE,
"history, party1, party2",agency,label,HOUSING AND URBAN DEVELOPMENT,DEPARTMENT OF HOUSING AND URBAN DEVELOPMENT,TRUE,TRUE,
"history, party1, party2",agency,label,NUCLEAR REGULATORY COMMISSION,NUCLEAR REGULATORY COMMISSION,TRUE,TRUE,
"history, party1, party2",agency,label,PATENT TRIAL AND APPEAL BOARD,PATENT TRIAL AND APPEAL BOARD,TRUE,TRUE,
"history, party1, party2",agency,label,SMALL BUSINESS ADMINISTRATION,SMALL BUSINESS ADMINISTRATION,TRUE,TRUE,
"history, party1, party2",agency,label,TVA BOARD OF CONTRACT APPEALS,TVA BOARD OF CONTRACT APPEALS,TRUE,TRUE,
"history, party1, party2",agency,label,UNITED STATES COURTS\-MARTIAL,UNITED STATES COURTS-MARTIAL,TRUE,TRUE,
"history, party1, party2",agency,label,UNITED STATES CUSTOMS SERVICE,UNITED STATES CUSTOMS SERVICE,TRUE,TRUE,
"history, party1, party2",agency,label,BOARD OF IMMIGRATION APPEALS,BOARD OF IMMIGRATION APPEALS,TRUE,TRUE,
"history, party1, party2",agency,label,DEPARTMENT OF TRANSPORTATION,DEPARTMENT OF TRANSPORTATION,TRUE,TRUE,
"history, party1, party2",agency,label,FOOD AND DRUG ADMINISTRATION,FOOD AND DRUG ADMINISTRATION,TRUE,TRUE,
"history, party1, party2",agency,label,FEDERAL MARITIME COMMISSION,FEDERAL MARITIME COMMISSION,TRUE,TRUE,
"history, party1, party2",agency,label,PATENT AND TRADEMARK OFFICE,PATENT AND TRADEMARK OFFICE,TRUE,TRUE,
"history, party1, party2",agency,label,CENTRAL INTELLIGENCE AGENCY,CENTRAL INTELLIGENCE AGENCY,TRUE,TRUE,
"history, party1, party2",agency,label,BOARDS OF CONTRACT APPEALS,BOARDS OF CONTRACT APPEALS,TRUE,TRUE,
"history, party1, party2",agency,label,DEPARTMENT OF THE INTERIOR,DEPARTMENT OF THE INTERIOR,TRUE,TRUE,
"history, party1, party2",agency,label,DEPARTMENT OF THE TREASURY,DEPARTMENT OF THE TREASURY,TRUE,TRUE,
"history, party1, party2",agency,label,BOARD OF VETERANS APPEALS,BOARD OF VETERANS APPEALS,TRUE,TRUE,
"history, party1, party2",agency,label,DEPARTMENT OF AGRICULTURE,DEPARTMENT OF AGRICULTURE,TRUE,TRUE,
"history, party1, party2",agency,label,HEALTH AND HUMAN SERVICES,DEPARTMENT OF HEALTH AND HUMAN SERVICES,TRUE,TRUE,
"history, party1, party2",agency,label,FEDERAL TRADE COMMISSION,FEDERAL TRADE COMMISSION,TRUE,TRUE,
"history, party1, party2",agency,label,COURT OF FEDERAL CLAIMS,UNITED STATES COURT OF FEDERAL CLAIMS,TRUE,TRUE,
"history, party1, party2",agency,label,DEPARTMENT OF INTERIOR,DEPARTMENT OF THE INTERIOR,TRUE,TRUE,
"history, party1, party2",agency,label,DEPARTMENT OF LABOR,DEPARTMENT OF LABOR,TRUE,TRUE,
"history, party1, party2",agency,label,HOMELAND SECURITY,DEPARTMENT OF HOMELAND SECURITY,TRUE,TRUE,
"history, party1, party2",agency,label,VETERANS AFFAIRS,DEPARTMENT OF VETERANS AFFAIRS,TRUE,TRUE,
"history, party1, party2",agency,label,INTERNAL REVENUE,INTERNAL REVENUE SERVICE,TRUE,TRUE,
"history, party1, party2",agency,label,POSTAL SERVICE,POSTAL SERVICE,TRUE,TRUE,
"history, party1, party2",agency,label,COAST GUARD,COAST GUARD,TRUE,TRUE,
"history, party1, party2",agency,label,TAX COURT,UNITED STATES TAX COURT,TRUE,TRUE,
notice,notice_unpublished,flag,(unpublished|precedent),,TRUE,TRUE,
party1,party1_cross_appellant,flag,CROSS-APPELLANT,,TRUE,TRUE,
party1,party1_cross_appellee,flag,CROSS-APPELLEE,,TRUE,TRUE,
party1,party1_appellant,flag,(?<!CROSS-)APPELLANT,,TRUE,TRUE,
party1,party1_appellee,flag,(?<!CROSS-)APPELLEE,,TRUE,TRUE,
party1,party1_plaintiff,flag,PLAINTIF,,TRUE,TRUE,
party1,party1_defendant,flag,DEFENDANT,,TRUE,TRUE,
party1,party1_petitioner,flag,PETITIONER,,TRUE,TRUE,
party1,party1_respondent,flag,RESPONDENT,,TRUE,TRUE,
party1,party1_intervenor,flag,INTERVEN,,TRUE,TRUE,
party1,party1_united_states,flag,U(\.|NITED) ?S(\.|TATES),,TRUE,TRUE,
party2,party2_cross_appellant,flag,CROSS-APPELLANT,,TRUE,TRUE,
party2,party2_cross_appellee,flag,CROSS-APPELLEE,,TRUE,TRUE,
party2,party2_appellant,flag,(?<!CROSS-)APPELLANT,,TRUE,TRUE,
party2,party2_appellee,flag,(?<!CROSS-)APPELLEE,,TRUE,TRUE,
party2,party2_plaintiff,flag,PLAINTIF,,TRUE,TRUE,
party2,party2_defendant,flag,DEFENDANT,,TRUE,TRUE,
party2,party2_petitioner,flag,PETITIONER,,TRUE,TRUE,
party2,party2_respondent,flag,RESPONDENT,,TRUE,TRUE,
party2,party2_intervenor,flag,INTERVEN,,TRUE,TRUE,
party2,party2_united_states,flag,U(\.|NITED) ?S(\.|TATES),,TRUE,TRUE,
judges,panel_judges,names,"\b(?:BEFORE|PRESENT|HON|HONORABLE|CHIEF|SENIOR|CIRCUIT|DISTRICT|MAGISTRATE|BANKRUPTCY|ASSOCIATE|RETIRED|JUDGES?|JUSTICES?|J|JJ|CJ|JR|SR|II|III|IV|UNITED STATES|SUPREME|COURT|OF|FOR|THE|IN|AND|WITH WHOM|WHICH|JOINED|JOINS?|WROTE|OPINION|FILED|DELIVERED|PER CURIAM|CONCURRING|CONCURRENCE|CONCURS?|DISSENTING|DISSENTS?|PART|RESULT|JUDGMENT|SITTING|BY|DESIGNATION|REHEARING|EN BANC|DENIAL|WAS|PARTIAL|ET AL)\b|\d+|[,;:()*&\[\]]",,FALSE,FALSE,"Splits the judges into names at titles, filler words, and punctuation"
opinion_by,authors,names,"\b(?:OPINION|BY|FOR THE COURT|PER CURIAM|DELIVERED|THE|CHIEF|SENIOR|CIRCUIT|DISTRICT|MAGISTRATE|BANKRUPTCY|ASSOCIATE|RETIRED|JUDGES?|JUSTICES?|J|JJ|CJ|JR|SR|II|III|IV)\b|\d+|[,;:()*&]",,FALSE,FALSE,The author (no name for a per curiam opinion)
concurring_lines,concurring,names,"\b(?:CONCUR(?:RING|RENCE|S)?|DISSENT(?:ING|S)?|IN PART|IN THE|RESULT|JUDGMENT|BY|AND|CHIEF|SENIOR|CIRCUIT|DISTRICT|MAGISTRATE|BANKRUPTCY|ASSOCIATE|RETIRED|JUDGES?|JUSTICES?|J|JJ|CJ|JR|SR|II|III|IV|WITH WHOM|JOINS?|JOINED|FILED|OPINION|DELIVERED|WROTE|AN?)\b|\d+|[,;:()*&]",,FALSE,FALSE,Judges who wrote or joined a concurrence
dissenting_lines,dissenting,names,"\b(?:CONCUR(?:RING|RENCE|S)?|DISSENT(?:ING|S)?|IN PART|IN THE|RESULT|JUDGMENT|BY|AND|CHIEF|SENIOR|CIRCUIT|DISTRICT|MAGISTRATE|BANKRUPTCY|ASSOCIATE|RETIRED|JUDGES?|JUSTICES?|J|JJ|CJ|JR|SR|II|III|IV|WITH WHOM|JOINS?|JOINED|FILED|OPINION|DELIVERED|WROTE|AN?)\b|\d+|[,;:()*&]",,FALSE,FALSE,Judges who wrote or joined a dissent
